{"cameraMode":{"drawMode":0,"name":"Shaded","section":"Shading Mode"},"sceneLighting":false,"audioPlay":false,"sceneViewState":{"showFog":true,"showMaterialUpdate":true,"showSkybox":true,"showFlares":true,"showImageEffects":true,"showParticleSystems":true},"in2DMode":false,"pivot":{"x":2.1662590503692629,"y":-0.8981463313102722,"z":4.596862316131592},"rotation":{"x":-0.18443608283996583,"y":0.8107270002365112,"z":-0.34067869186401369,"w":-0.43891146779060366},"size":19.979223251342775,"orthographic":false}