{"cameraMode":{"drawMode":0,"name":"Shaded","section":"Shading Mode"},"sceneLighting":false,"audioPlay":false,"sceneViewState":{"showFog":true,"showMaterialUpdate":true,"showSkybox":true,"showFlares":true,"showImageEffects":true,"showParticleSystems":true},"in2DMode":false,"pivot":{"x":-9.447958946228028,"y":1.4876103401184083,"z":7.69789981842041},"rotation":{"x":-0.09815961122512818,"y":0.6430737376213074,"z":-0.0836220309138298,"w":-0.7548696994781494},"size":18.407169342041017,"orthographic":false}