{"cameraMode":{"drawMode":0,"name":"Shaded","section":"Shading Mode"},"sceneLighting":false,"audioPlay":false,"sceneViewState":{"showFog":true,"showMaterialUpdate":true,"showSkybox":true,"showFlares":true,"showImageEffects":true,"showParticleSystems":true},"in2DMode":false,"pivot":{"x":4.5621490478515629,"y":7.004589080810547,"z":1.8250757455825806},"rotation":{"x":0.2342948466539383,"y":-0.6835023760795593,"z":0.24819013476371766,"w":0.6452381014823914},"size":4.0578837394714359,"orthographic":false}