{"cameraMode":{"drawMode":0,"name":"Shaded","section":"Shading Mode"},"sceneLighting":false,"audioPlay":false,"sceneViewState":{"showFog":true,"showMaterialUpdate":true,"showSkybox":true,"showFlares":true,"showImageEffects":true,"showParticleSystems":true},"in2DMode":false,"pivot":{"x":5.352681636810303,"y":7.071395397186279,"z":5.06313419342041},"rotation":{"x":-0.19515351951122285,"y":0.735026478767395,"z":-0.23732280731201173,"w":-0.6044245362281799},"size":3.157883644104004,"orthographic":false}